{"mse": 19.026322153764493, "rmse": 4.361917256638931, "r2": 0.9062132360499655}