{
  "linear_regression": {
    "mse": 10.923040005911917,
    "rmse": 3.305002270182566,
    "r2": 0.9461568785405774
  },
  "decision_tree": {
    "mse": 12.198966007988815,
    "rmse": 3.4927018206524325,
    "r2": 0.9398674354307949
  },
  "catboost": {
    "mse": 11.135948635159616,
    "rmse": 3.3370568822181643,
    "r2": 0.945107384518937
  },
  "xgboost": {
    "mse": 11.656985777152137,
    "rmse": 3.4142328240985758,
    "r2": 0.942539027531689
  },
  "mlp": {
    "mse": 27.24478496974209,
    "rmse": 5.219653721248383,
    "r2": 0.8657018315901329
  }
}