{
  "train": {
    "MSE": 28.774258036683676,
    "RMSE": 5.364164244007045,
    "R2": 0.8496648591705699
  },
  "validation": {
    "MSE": 25.675174892144472,
    "RMSE": 5.067067681819976,
    "R2": 0.866520594783901
  },
  "learning_curve": "reports/plots/mlp_learning_curve.png"
}